URL,Status Code
https://nypost.com/2018/09/06/alleged-bike-path-terrorists-lawyers-use-trumps-tweets-in-defense/amp/,200
https://nypost.com/2018/09/06/woman-suffers-from-black-hairy-tongue-after-car-accident/,200
https://nypost.com/tag/go-to-greg/,200
https://nypost.com/contact/,200
https://nypost.com/horoscope/taurus-09-06-2018/,200
https://nypost.com/video/13-year-old-girl-wakes-to-find-naked-intruder-in-her-bedroom/,200
https://nypost.com/2018/09/05/bookies-place-odds-on-anonymous-white-house-official/,200
https://nypost.com/author/kaja-whitehouse/,200
https://nypost.com/2018/09/06/gardener-says-worlds-raunchiest-radish-is-too-small-for-his-wife/,200
https://nypost.com/tag/justice-department/,200
https://nypost.com/2018/09/06/pence-denies-writing-anonymous-new-york-times-op-ed-slamming-trump/,200
https://nypost.com/sitemap/,200
https://nypost.com/2018/08/23/tesla-insiders-say-its-a-s-tshow-under-beleaguered-elon-musk/,200
https://nypost.com/2018/09/05/kendall-jenner-cindy-crawford-get-naked-for-new-book/,200
https://nypost.com/2018/06/07/police-union-honors-first-responders-to-nyc-terror-attack/,200
https://nypost.com/tag/nfl/,200
https://nypost.com/2018/09/06/romance-novelist-killed-chef-husband-at-culinary-school-cops/,200
https://nypost.com/2018/09/06/how-facebook-saved-tourists-lives-in-bali/,200
https://nypost.com/2018/09/06/that-time-keith-hernandezs-ex-got-state-senate-hopeful-arrested/,200
https://nypost.com/2018/09/06/trump-thanks-kim-for-unwavering-support/,200
https://nypost.com/2018/09/06/melania-refused-to-go-on-tv-with-trump-after-access-hollywood-tape-woodward/,200
https://nypost.com/horoscope/pisces-09-06-2018/,200
https://nypost.com/columnists/,200
https://nypost.com/2017/10/31/8-killed-truck-pedestrians-downtown-nyc-terror-attack/,200
https://nypost.com/2018/09/02/why-you-could-get-fired-and-your-coworker-wouldnt-for-the-same-offense/amp/,200
https://nypost.com/2018/09/04/justin-trudeau-finally-gets-the-trade-trouble-he-deserves/,200
https://nypost.com/2018/09/06/icelands-digital-free-peninsula-trying-to-keep-it-that-way/,200
https://nypost.com/horoscope/gemini-09-06-2018/,200
https://nypost.com/author/reuters/,200
https://nypost.com/2018/09/06/trucker-pals-who-met-at-work-discover-theyre-father-and-son/,200
https://nypost.com/tag/at-work/,200
https://nypost.com/news/,200
https://nypost.com/horoscope/sagittarius-09-06-2018/,200
https://nypost.com/2018/09/06/us-jobless-claims-fall-to-49-year-low/amp/,200
https://nypost.com/2018/09/06/this-isnt-the-chris-berman-return-espn-had-envisioned/,200
https://nypost.com/horoscope/libra-09-06-2018/,200
https://nypost.com/horoscope/virgo-09-06-2018/,200
https://nypost.com/tag/careers/,200
https://nypost.com/tech/,200
https://nypost.com/tag/twitter/,200
https://nypost.com/metro/,200
https://nypost.com/2018/09/02/how-to-survive-work-once-your-vacation-ends/,200
https://nypost.com/2018/09/06/opportunity-rovers-14-years-on-mars-may-come-to-a-quiet-tragic-end/,200
https://nypost.com/2018/08/09/bus-matron-hurt-in-nyc-terror-attack-sues-over-injuries/,200
https://nypost.com/media/,200
https://nypost.com/horoscopes/page/2/,200
https://nypost.com/tag/new-york-yankees/,200
https://nypost.com/2018/09/06/students-gets-restraining-order-against-ex-teacher-who-sent-i-love-you-texts/,200
https://nypost.com/real-estate/,200
https://nypost.com/2018/09/06/scientists-invent-way-to-create-unlimited-renewable-energy/,200
https://nypost.com/2018/09/06/knotel-signs-string-of-leases-for-new-co-working-spaces/,200
https://nypost.com/2018/09/01/social-media-companies-beware-washington-is-watching-you/,200
https://nypost.com/2018/09/06/citigroup-merges-key-businesses-under-ceos-heir-apparent/,200
https://nypost.com/2017/08/13/gary-sanchez-is-creeping-out-of-joe-girardis-doghouse/,200
https://nypost.com/2018/09/06/one-dag-hammarskjold-plaza-to-be-sold-for-600-million/,200
https://nypost.com/2018/09/06/mona-lisa-probably-had-an-underactive-thyroid/,200
https://nypost.com/2018/09/06/sanders-urges-trump-fans-to-pressure-new-york-times-over-op-ed/,200
https://nypost.com/tips/,200
https://nypost.com/2018/09/06/booker-releases-kavanaugh-emails-on-racial-profiling/,200
https://nypost.com/horoscope/scorpio-09-06-2018/,200
https://nypost.com/cover/sept-5-cover/,200
https://nypost.com/2018/09/06/cbs-offers-moonves-100m-in-settlement-talks/,200
https://nypost.com/business/,200
https://nypost.com/cover/covers-for-september-6-2018/,200
https://nypost.com/2018/09/06/the-shocking-new-discovery-about-womens-orgasms/,200
https://nypost.com/2018/09/02/girl-catches-deadly-infection-trying-on-shoes-while-barefoot/,200
https://nypost.com/search/,200
https://nypost.com/2018/09/06/genes-mostly-determine-how-successful-your-kids-will-be/,200
https://nypost.com/2018/09/06/leak-shows-apples-upcoming-6-1-inch-iphone/,200
https://nypost.com/tag/terrorism/,200
https://nypost.com/tag/joe-girardi/,200
https://nypost.com/2018/09/06/mexican-investigators-unearth-166-skulls-in-mass-graves/,200
https://nypost.com/fashion/,200
https://nypost.com/sports/,200
https://nypost.com/2018/09/06/severino-and-sanchez-awful-as-yankees-wild-card-lead-shrinks/,200
https://nypost.com/2018/09/06/cop-who-tased-girl-this-is-why-theres-no-grocery-stores-in-the-black-community/,200
https://nypost.com/living/,200
https://nypost.com/tag/career-advice/,200
https://nypost.com/2018/09/06/tigers-broadcasters-turn-on-each-other-in-physical-altercation/,200
https://nypost.com/tag/jobs/,200
https://nypost.com/2018/09/06/public-relations-exec-drops-17m-on-park-ave-condo/,200
https://nypost.com/2018/09/06/the-little-stranger-is-more-stiff-than-scary/,200
https://nypost.com/2018/09/06/tiger-woods-off-to-insane-start-with-season-on-the-line/,200
https://nypost.com/tag/terror-on-the-streets-of-new-york/,200
https://nypost.com/2018/09/06/a-trade-a-belief-a-shock-how-2-nba-icons-transformed-a-laughingstock/,200
https://nypost.com/2018/09/06/heres-the-road-to-this-years-bridgewater-geno-smith-super-bowl/,200
https://nypost.com/2018/09/06/didi-gregorius-looks-good-to-go-vs-mariners/,200
https://nypost.com/2018/09/06/family-of-backpacker-who-mysteriously-died-in-hostel-still-has-no-answers/,200
https://nypost.com/2018/06/05/fdny-will-honor-responders-to-bike-path-terror-attack/,200
https://nypost.com/mobile-apps/,200
https://nypost.com/2018/09/06/elon-musk-accused-of-trying-to-burn-short-sellers/,200
https://nypost.com/2018/09/06/the-anonymous-official-op-ed-is-less-than-it-seems/,200
https://nypost.com/opinion/,200
https://nypost.com/horoscope/aries-09-06-2018/,200
https://nypost.com/2018/09/06/ford-recalls-two-million-f-150-pickups-over-seat-belt-issue/,200
https://nypost.com/2018/06/22/alleged-bike-path-terrorist-tells-court-only-allah-can-judge-him/,200
https://nypost.com/2018/09/06/what-would-it-take-to-trade-for-mike-trout-not-enough/,200
https://nypost.com/2018/09/06/planets-deadliest-spider-among-insects-stolen-from-museum/,200
https://nypost.com/2018/09/06/inside-putins-secret-spy-killing-commando-unit/,200
https://nypost.com/2018/09/06/joe-girardi-diagnoses-yankees-growing-gary-sanchez-problem/amp/,200
https://nypost.com/2018/09/06/apple-exec-reportedly-fell-asleep-during-siri-meetings/,200
https://nypost.com/2018/09/05/how-gop-tax-cuts-may-hurt-the-us-down-the-line/,200
https://nypost.com/2018/09/06/good-samaritan-rescues-woman-about-to-be-raped-in-brooklyn-alley/,200
https://nypost.com/2018/09/05/democrats-mental-breakdown-over-kavanaugh/,200
https://nypost.com/2018/09/06/twitter-permanently-bans-alex-jones/,200
https://nypost.com/2018/09/06/nycha-supervisor-suspended-over-alleged-orgies/,200
https://nypost.com/entertainment/,200
https://nypost.com/tag/donald-trump/,200
https://nypost.com/2018/09/06/cynthia-nixon-talks-trump-cuomo-during-late-night-appearance/,200
https://nypost.com/2018/09/06/clint-fraziers-season-is-over/,200
https://nypost.com/author/greg-joyce/,200
https://nypost.com/customer-service/,200
https://nypost.com/home-delivery/,200
https://nypost.com/2018/09/05/renters-should-avoid-these-areas-with-failing-grades/,200
https://nypost.com/2018/06/20/alleged-bike-path-terrorist-faces-additional-murder-charges/,200
https://nypost.com/cover/covers-for-september-4-2018/,200
https://nypost.com/tag/gary-sanchez/,200
https://nypost.com/horoscope/aquarius-09-06-2018/,200
https://nypost.com/covers/,200
https://nypost.com/tag/economy/,200
https://nypost.com/horoscope/leo-09-06-2018/,200
https://nypost.com/2018/09/06/damage-after-big-earthquake-hits-japan/slide-1/,200
https://nypost.com/privacy/,200
https://nypost.com/2018/09/06/drug-cartels-are-murdering-their-way-into-mexicos-gas-industry/,200
https://nypost.com/tag/sayfullo-saipov/,200
https://nypost.com/tag/unemployment/,200
https://nypost.com/,200
https://nypost.com/2018/09/06/giants-will-find-out-about-nasty-rookie-guard-immediately/,200
https://nypost.com/2018/09/03/evidence-tesla-may-be-struggling-to-meet-production-goals/,200
https://nypost.com/2018/09/06/dismembered-woman-found-in-landfill-idd-by-dental-records/,200
https://nypost.com/rssfeeds/,200
https://nypost.com/cover/covers-for-september-3-2018/,200
https://nypost.com/2018/09/06/aaron-judge-passes-another-test-in-rehab-process/,200
https://nypost.com/video/safari-still-letting-lions-into-cars-weeks-after-woman-was-attacked/,200
https://nypost.com/2018/09/06/tiki-barber-plots-ambitious-next-broadcasting-phase/,200
https://nypost.com/2018/09/06/apocalypse-fearing-billionaires-are-shipping-bunkers-to-new-zealand/,200
https://nypost.com/photos/,200
https://nypost.com/2018/08/24/graduates-spent-7-5-billion-on-education-that-failed-to-deliver/,200
https://nypost.com/tag/nike/,200
https://nypost.com/2018/09/05/runway-models-are-furious-with-kendall-jenner/,200
https://nypost.com/2018/09/06/the-nun-star-barely-made-it-through-her-own-screening/,200
https://nypost.com/2018/09/06/these-are-the-most-powerful-yankees-rookies-ever/,200
https://nypost.com/tag/colin-kaepernick/,200
https://nypost.com/2018/09/06/whole-foods-workers-are-looking-to-unionize/,200
https://nypost.com/video/little-girl-with-rapid-aging-disease-is-an-internet-superstar/,200
https://nypost.com/2018/09/06/no-cory-booker-you-are-not-spartacus/,200
https://nypost.com/2018/09/06/man-arrested-after-estranged-wifes-parents-found-beaten-to-death-cops/,200
https://nypost.com/author/greg-giangrande/,200
https://nypost.com/video/,200
https://nypost.com/2018/09/05/new-evidence-on-russias-uk-attack-requires-new-action/,200
https://nypost.com/horoscopes/,200
https://nypost.com/2018/09/03/working-on-a-superyacht-is-like-being-in-a-glamorized-pressure-cooker/,200
https://nypost.com/2018/09/06/us-jobless-claims-fall-to-49-year-low/,200
https://nypost.com/horoscope/capricorn-09-06-2018/,200
https://nypost.com/2018/09/06/alleged-bike-path-terrorists-lawyers-use-trumps-tweets-in-defense/,200
https://nypost.com/2018/09/06/joe-girardi-diagnoses-yankees-growing-gary-sanchez-problem/,200
https://nypost.com/2018/09/02/why-you-could-get-fired-and-your-coworker-wouldnt-for-the-same-offense/,200
https://nypost.com/terms/,200
https://nypost.com/horoscope/cancer-09-06-2018/,200
https://nypost.com/2018/09/04/nike-shares-drop-amid-backlash-over-new-kaepernick-ad/,200
https://nypost.com/2018/09/06/steve-jobs-exposed-as-an-abusive-creep-by-his-daughter/,200
